timestamp,company,wallet_name,address,balance,timezone
2025-06-20T17:20:56.080372+07:00,KZP,KZP 96G1,TNZJ5wTSMK4oR79CYzy8BGK6LWNmQxcuM8,0.0,GMT+7
2025-06-20T17:20:56.818347+07:00,KZP,KZP BLG1,TARvAP993BSFBuQhjc8oG4gviskNDftB7Z,0.0,GMT+7
2025-06-20T17:20:57.550704+07:00,KZP,KZP WDB1,TEhmKXCPgX64yJQ3t9skuSyUQBxwaWY4KS,0.0,GMT+7
2025-06-20T17:20:58.296026+07:00,KZP,KZP TH 1,TF2GVKwjVchpEWs1TonJW8yP6HAcvAvG93,0.0,GMT+7
2025-06-20T17:20:59.012815+07:00,KZP,KZP TH Y 1,TSpAswScHnu6WqJDaZzjWEA4ztPSzPRtPZ,0.0,GMT+7
2025-06-20T17:20:59.743277+07:00,KZP,KZP TH BM 1,TS928hvaYDoGNhzYJcvyDSL2EB6XjPUyTh,0.0,GMT+7
2025-06-20T17:21:00.462500+07:00,KZP,KZP PH 1,THB5JtMUtvmZ94HdCqqL34SzSfJavF58Ga,0.0,GMT+7
2025-06-20T17:21:01.307031+07:00,KZP,KZP PH BM 1,TTRpG11vBzdir9GcD4MmkUNoubGxJUpwsf,0.0,GMT+7
2025-06-20T17:21:01.991885+07:00,KZP,KZP KZO1,TDj1whxgFJSGktyv9yLR3wZUm5gNK8X7m2,0.0,GMT+7
2025-06-20T17:21:02.694120+07:00,KZP,Store1,TNZkbytSMdaRJ79CYzv8BGK6LWNmQxcuM8,0.0,GMT+7
2025-06-20T17:21:03.372337+07:00,TestCompany,TestWallet,TNZkbytSMdaRJ79CYzv8BGK6LWNmQxcuM8,0.0,GMT+7
2025-06-20T17:22:37.967173+07:00,KZP,KZP 96G1,TNZJ5wTSMK4oR79CYzy8BGK6LWNmQxcuM8,0.0,GMT+7
2025-06-20T17:22:38.690020+07:00,KZP,KZP BLG1,TARvAP993BSFBuQhjc8oG4gviskNDftB7Z,0.0,GMT+7
2025-06-20T17:22:39.404694+07:00,KZP,KZP WDB1,TEhmKXCPgX64yJQ3t9skuSyUQBxwaWY4KS,0.0,GMT+7
2025-06-20T17:22:40.089921+07:00,KZP,KZP TH 1,TF2GVKwjVchpEWs1TonJW8yP6HAcvAvG93,0.0,GMT+7
2025-06-20T17:22:40.777352+07:00,KZP,KZP TH Y 1,TSpAswScHnu6WqJDaZzjWEA4ztPSzPRtPZ,0.0,GMT+7
2025-06-20T17:22:41.493570+07:00,KZP,KZP TH BM 1,TS928hvaYDoGNhzYJcvyDSL2EB6XjPUyTh,0.0,GMT+7
2025-06-20T17:22:42.184950+07:00,KZP,KZP PH 1,THB5JtMUtvmZ94HdCqqL34SzSfJavF58Ga,0.0,GMT+7
2025-06-20T17:22:42.960693+07:00,KZP,KZP PH BM 1,TTRpG11vBzdir9GcD4MmkUNoubGxJUpwsf,0.0,GMT+7
2025-06-20T17:22:43.660084+07:00,KZP,KZP KZO1,TDj1whxgFJSGktyv9yLR3wZUm5gNK8X7m2,0.0,GMT+7
2025-06-20T17:22:44.346212+07:00,KZP,Store1,TNZkbytSMdaRJ79CYzv8BGK6LWNmQxcuM8,0.0,GMT+7
2025-06-20T17:22:45.031563+07:00,TestCompany,TestWallet,TNZkbytSMdaRJ79CYzv8BGK6LWNmQxcuM8,0.0,GMT+7
2025-06-20T17:22:45.742894+07:00,TestExchange,ExchangeWallet,TG3XXyExBkPp9nzdajDZsozEu4BkaSJozs,0.0,GMT+7
2025-06-20T17:23:42.222029+07:00,KZP,KZP 96G1,TNZJ5wTSMK4oR79CYzy8BGK6LWNmQxcuM8,0.0,GMT+7
2025-06-20T17:23:42.926186+07:00,KZP,KZP BLG1,TARvAP993BSFBuQhjc8oG4gviskNDftB7Z,0.0,GMT+7
2025-06-20T17:23:43.669586+07:00,KZP,KZP WDB1,TEhmKXCPgX64yJQ3t9skuSyUQBxwaWY4KS,0.0,GMT+7
2025-06-20T17:23:44.392011+07:00,KZP,KZP TH 1,TF2GVKwjVchpEWs1TonJW8yP6HAcvAvG93,0.0,GMT+7
2025-06-20T17:23:45.086495+07:00,KZP,KZP TH Y 1,TSpAswScHnu6WqJDaZzjWEA4ztPSzPRtPZ,0.0,GMT+7
2025-06-20T17:23:45.847837+07:00,KZP,KZP TH BM 1,TS928hvaYDoGNhzYJcvyDSL2EB6XjPUyTh,0.0,GMT+7
2025-06-20T17:23:46.574891+07:00,KZP,KZP PH 1,THB5JtMUtvmZ94HdCqqL34SzSfJavF58Ga,0.0,GMT+7
2025-06-20T17:23:47.294361+07:00,KZP,KZP PH BM 1,TTRpG11vBzdir9GcD4MmkUNoubGxJUpwsf,0.0,GMT+7
2025-06-20T17:23:47.987716+07:00,KZP,KZP KZO1,TDj1whxgFJSGktyv9yLR3wZUm5gNK8X7m2,0.0,GMT+7
2025-06-20T17:27:24.049716+07:00,KZP,KZP 96G1,TNZJ5wTSMK4oR79CYzy8BGK6LWNmQxcuM8,0.591521,GMT+7
2025-06-20T17:27:24.796160+07:00,KZP,KZP BLG1,TARvAP993BSFBuQhjc8oG4gviskNDftB7Z,151301.125843,GMT+7
2025-06-20T17:27:25.482426+07:00,KZP,KZP WDB1,TEhmKXCPgX64yJQ3t9skuSyUQBxwaWY4KS,103934.678101,GMT+7
2025-06-20T17:27:26.168026+07:00,KZP,KZP TH 1,TF2GVKwjVchpEWs1TonJW8yP6HAcvAvG93,60218.561899,GMT+7
2025-06-20T17:27:26.858623+07:00,KZP,KZP TH Y 1,TSpAswScHnu6WqJDaZzjWEA4ztPSzPRtPZ,9018.525464,GMT+7
2025-06-20T17:27:27.553522+07:00,KZP,KZP TH BM 1,TS928hvaYDoGNhzYJcvyDSL2EB6XjPUyTh,3.273452,GMT+7
2025-06-20T17:27:28.239367+07:00,KZP,KZP PH 1,THB5JtMUtvmZ94HdCqqL34SzSfJavF58Ga,5554.16834,GMT+7
2025-06-20T17:27:28.932361+07:00,KZP,KZP PH BM 1,TTRpG11vBzdir9GcD4MmkUNoubGxJUpwsf,1.49,GMT+7
2025-06-20T17:27:29.616834+07:00,KZP,KZP KZO1,TDj1whxgFJSGktyv9yLR3wZUm5gNK8X7m2,0.0,GMT+7
2025-06-20T17:30:13.472630+07:00,KZP,KZP 96G1,TNZJ5wTSMK4oR79CYzy8BGK6LWNmQxcuM8,0.591521,GMT+7
2025-06-20T17:30:14.190179+07:00,KZP,KZP BLG1,TARvAP993BSFBuQhjc8oG4gviskNDftB7Z,151301.125843,GMT+7
2025-06-20T17:30:14.898989+07:00,KZP,KZP WDB1,TEhmKXCPgX64yJQ3t9skuSyUQBxwaWY4KS,103934.678101,GMT+7
2025-06-20T17:30:15.679027+07:00,KZP,KZP TH 1,TF2GVKwjVchpEWs1TonJW8yP6HAcvAvG93,60218.561899,GMT+7
2025-06-20T17:30:16.394659+07:00,KZP,KZP TH Y 1,TSpAswScHnu6WqJDaZzjWEA4ztPSzPRtPZ,9018.525464,GMT+7
2025-06-20T17:30:17.120109+07:00,KZP,KZP TH BM 1,TS928hvaYDoGNhzYJcvyDSL2EB6XjPUyTh,3.273452,GMT+7
2025-06-20T17:30:17.848890+07:00,KZP,KZP PH 1,THB5JtMUtvmZ94HdCqqL34SzSfJavF58Ga,5554.16834,GMT+7
2025-06-20T17:30:18.566348+07:00,KZP,KZP PH BM 1,TTRpG11vBzdir9GcD4MmkUNoubGxJUpwsf,1.49,GMT+7
2025-06-20T17:30:19.256973+07:00,KZP,KZP KZO1,TDj1whxgFJSGktyv9yLR3wZUm5gNK8X7m2,0.0,GMT+7
2025-06-20T17:31:12.672731+07:00,KZP,KZP 96G1,TNZJ5wTSMK4oR79CYzy8BGK6LWNmQxcuM8,0.591521,GMT+7
2025-06-20T17:31:13.406539+07:00,KZP,KZP BLG1,TARvAP993BSFBuQhjc8oG4gviskNDftB7Z,151301.125843,GMT+7
2025-06-20T17:31:14.095037+07:00,KZP,KZP WDB1,TEhmKXCPgX64yJQ3t9skuSyUQBxwaWY4KS,103934.678101,GMT+7
2025-06-20T17:31:14.783374+07:00,KZP,KZP TH 1,TF2GVKwjVchpEWs1TonJW8yP6HAcvAvG93,60218.561899,GMT+7
2025-06-20T17:31:15.504231+07:00,KZP,KZP TH Y 1,TSpAswScHnu6WqJDaZzjWEA4ztPSzPRtPZ,9018.525464,GMT+7
2025-06-20T17:31:16.191044+07:00,KZP,KZP TH BM 1,TS928hvaYDoGNhzYJcvyDSL2EB6XjPUyTh,3.273452,GMT+7
2025-06-20T17:31:16.880237+07:00,KZP,KZP PH 1,THB5JtMUtvmZ94HdCqqL34SzSfJavF58Ga,5554.16834,GMT+7
2025-06-20T17:31:17.580072+07:00,KZP,KZP PH BM 1,TTRpG11vBzdir9GcD4MmkUNoubGxJUpwsf,1.49,GMT+7
2025-06-20T17:31:18.331811+07:00,KZP,KZP KZO1,TDj1whxgFJSGktyv9yLR3wZUm5gNK8X7m2,0.0,GMT+7
2025-06-20T17:32:32.777893+07:00,KZP,KZP 96G1,TNZJ5wTSMK4oR79CYzy8BGK6LWNmQxcuM8,0.591521,GMT+7
2025-06-20T17:32:33.494551+07:00,KZP,KZP BLG1,TARvAP993BSFBuQhjc8oG4gviskNDftB7Z,151301.125843,GMT+7
2025-06-20T17:32:34.191472+07:00,KZP,KZP WDB1,TEhmKXCPgX64yJQ3t9skuSyUQBxwaWY4KS,103934.678101,GMT+7
2025-06-20T17:32:34.885076+07:00,KZP,KZP TH 1,TF2GVKwjVchpEWs1TonJW8yP6HAcvAvG93,60218.561899,GMT+7
2025-06-20T17:32:35.573076+07:00,KZP,KZP TH Y 1,TSpAswScHnu6WqJDaZzjWEA4ztPSzPRtPZ,9018.525464,GMT+7
2025-06-20T17:32:36.313899+07:00,KZP,KZP TH BM 1,TS928hvaYDoGNhzYJcvyDSL2EB6XjPUyTh,3.273452,GMT+7
2025-06-20T17:32:37.023414+07:00,KZP,KZP PH 1,THB5JtMUtvmZ94HdCqqL34SzSfJavF58Ga,5554.16834,GMT+7
2025-06-20T17:32:37.768317+07:00,KZP,KZP PH BM 1,TTRpG11vBzdir9GcD4MmkUNoubGxJUpwsf,1.49,GMT+7
2025-06-20T17:32:38.457855+07:00,KZP,KZP KZO1,TDj1whxgFJSGktyv9yLR3wZUm5gNK8X7m2,0.0,GMT+7
2025-06-20T17:35:32.133704+07:00,KZP,KZP 96G1,TNZJ5wTSMK4oR79CYzy8BGK6LWNmQxcuM8,0.591521,GMT+7
2025-06-20T17:35:32.859372+07:00,KZP,KZP BLG1,TARvAP993BSFBuQhjc8oG4gviskNDftB7Z,151301.125843,GMT+7
2025-06-20T17:35:33.598415+07:00,KZP,KZP WDB1,TEhmKXCPgX64yJQ3t9skuSyUQBxwaWY4KS,103934.678101,GMT+7
2025-06-20T17:35:34.289221+07:00,KZP,KZP TH 1,TF2GVKwjVchpEWs1TonJW8yP6HAcvAvG93,60218.561899,GMT+7
2025-06-20T17:35:35.003360+07:00,KZP,KZP TH Y 1,TSpAswScHnu6WqJDaZzjWEA4ztPSzPRtPZ,8968.576464,GMT+7
2025-06-20T17:35:35.693117+07:00,KZP,KZP TH BM 1,TS928hvaYDoGNhzYJcvyDSL2EB6XjPUyTh,3.273452,GMT+7
2025-06-20T17:35:36.393525+07:00,KZP,KZP PH 1,THB5JtMUtvmZ94HdCqqL34SzSfJavF58Ga,5554.16834,GMT+7
2025-06-20T17:35:37.087273+07:00,KZP,KZP PH BM 1,TTRpG11vBzdir9GcD4MmkUNoubGxJUpwsf,1.49,GMT+7
2025-06-20T17:35:37.775662+07:00,KZP,KZP KZO1,TDj1whxgFJSGktyv9yLR3wZUm5gNK8X7m2,0.0,GMT+7
2025-06-20T17:35:57.260606+07:00,KZP,KZP 96G1,TNZJ5wTSMK4oR79CYzy8BGK6LWNmQxcuM8,0.591521,GMT+7
2025-06-20T17:35:57.956960+07:00,KZP,KZP BLG1,TARvAP993BSFBuQhjc8oG4gviskNDftB7Z,151301.125843,GMT+7
2025-06-20T17:35:58.649346+07:00,KZP,KZP WDB1,TEhmKXCPgX64yJQ3t9skuSyUQBxwaWY4KS,103934.678101,GMT+7
2025-06-20T17:35:59.337544+07:00,KZP,KZP TH 1,TF2GVKwjVchpEWs1TonJW8yP6HAcvAvG93,60218.561899,GMT+7
2025-06-20T17:36:00.029291+07:00,KZP,KZP TH Y 1,TSpAswScHnu6WqJDaZzjWEA4ztPSzPRtPZ,8968.576464,GMT+7
2025-06-20T17:36:00.741176+07:00,KZP,KZP TH BM 1,TS928hvaYDoGNhzYJcvyDSL2EB6XjPUyTh,3.273452,GMT+7
2025-06-20T17:36:01.475543+07:00,KZP,KZP PH 1,THB5JtMUtvmZ94HdCqqL34SzSfJavF58Ga,5554.16834,GMT+7
2025-06-20T17:36:02.169698+07:00,KZP,KZP PH BM 1,TTRpG11vBzdir9GcD4MmkUNoubGxJUpwsf,1.49,GMT+7
2025-06-20T17:36:02.856406+07:00,KZP,KZP KZO1,TDj1whxgFJSGktyv9yLR3wZUm5gNK8X7m2,0.0,GMT+7
